name,link,address,phone,firm_reference_number,status,email
City Capital Markets Ltd,https://register.fca.org.uk/ShPo_FirmDetailsPage?id=001b000000MfiYrAAJ,Orion House Bessemer Road    Welwyn Garden City AL7 1HH UNITED KINGDOM,+44 01707800992,482324,Authorised,m.lockwood1@btinternet.com
Vita Financial Planning Ltd,https://register.fca.org.uk/ShPo_FirmDetailsPage?id=001b000000NMhLEAA1,Orion House Bessemer Road   Welwyn Garden City AL7 1HH UNITED KINGDOM,+44 01707244450,597852,Appointed representative,info@vitafp.co.uk
Bounty (UK) Ltd,https://register.fca.org.uk/ShPo_FirmDetailsPage?id=001b000000MfQ9bAAF,29 Broadwater Road    Welwyn Garden City AL7 3BQ UNITED KINGDOM,+44 01707294041,222169,Appointed representative - introducer,gburt@bounty.com
Beechwood Financial Services Limited,https://register.fca.org.uk/ShPo_FirmDetailsPage?id=001b000000lB4wuAAC,2nd Floor Gate House Fretherne Road  Welwyn Garden City AL8 6NS UNITED KINGDOM,44 1707336539,677641,Authorised,phil@beechwoodfs.co.uk
Priyanka Singh,https://register.fca.org.uk/ShPo_FirmDetailsPage?id=001b000003ZbFsGAAV,13 Appletree Way    Welwyn Garden City AL7 2FE UNITED KINGDOM,+44 07540357313,764863,Appointed representative,
John Cottrell,https://register.fca.org.uk/ShPo_FirmDetailsPage?id=001b000000nS5rLAAS,15 Pitsfield    Welwyn Garden City AL8 7SJ UNITED KINGDOM,+44 01707376585,685333,Appointed representative - introducer,
Strategy Financial Limited,https://register.fca.org.uk/ShPo_FirmDetailsPage?id=001b000000MfcGJAAZ,Weltech Business Centre Ridgeway    Welwyn Garden City AL7 2AA UNITED KINGDOM,44 01707323388,431155,Appointed representative,
Alan Merrill,https://register.fca.org.uk/ShPo_FirmDetailsPage?id=001b000000NMYZ0AAP,49 Woodhall Lane    Welwyn Garden City AL7 3TB UNITED KINGDOM, 07813572584,592432,Appointed representative - introducer,abmerrill43@gmail.com
Stephen Savill,https://register.fca.org.uk/ShPo_FirmDetailsPage?id=001b000003uHB3jAAG,2 Greenways Digswell   Welwyn AL6 0EE UNITED KINGDOM,+44 01702431130,785204,Appointed representative,
1 Leta Finance Ltd,https://register.fca.org.uk/ShPo_FirmDetailsPage?id=0010X00004D7e7wQAB,5 Little Lake    Welwyn Garden City AL7 4RT UNITED KINGDOM,+44 07902982434,812416,Appointed representative,eoguno@1letfinance.com
Searle Wealth Management Ltd,https://register.fca.org.uk/ShPo_FirmDetailsPage?id=001b000000NMkZ4AAL,2 Harmer Dell    Digswell AL6 0BE UNITED KINGDOM,+44 07885665148,611672,Appointed representative,john.searle@sjpp.co.uk
Bakers, Food & Allied Workers' Union,https://register.fca.org.uk/ShPo_FirmDetailsPage?id=001b000000MfVuFAAV,Stanborough House Great North Road   Welwyn Garden City AL8 7TA UNITED KINGDOM,44 01707260150,401799,Appointed representative - introducer,
Birchwood Investment Management Limited,https://register.fca.org.uk/ShPo_FirmDetailsPage?id=001b000000MfEWNAA3,8 Prospect Place    Welwyn AL6 9EN UNITED KINGDOM,44 1438840888,114617,Authorised,info@birchwoodinvestment.com
Complete Plant Hire Ltd,https://register.fca.org.uk/ShPo_FirmDetailsPage?id=001b000000OHKFIAA5,Cole Green Works Cole Green    Hertford Sg14 2nl UNITED KINGDOM,44 01707329655,613740,Appointed representative,sales@completeplant.co.uk
Plan4You Ltd,https://register.fca.org.uk/ShPo_FirmDetailsPage?id=001b000003Jiu4kAAB,Great North Business Centre 82 Great North Road   Hatfield AL9 5BL UNITED KINGDOM,+44 07976698273,740372,Appointed representative,
Titan House Ltd,https://register.fca.org.uk/ShPo_FirmDetailsPage?id=001b000000NMSsxAAH,Chestnut Suite 63 Canonsfield Road   Welwyn AL6 0QA UNITED KINGDOM,+44 02030565200,496573,Appointed representative,sedmunds@titanhouse.co.uk
The Mortgage Centre (Home Counties) Limited,https://register.fca.org.uk/ShPo_FirmDetailsPage?id=001b000000MfIeUAAV,10 Crawford Road    Hatfield AL10 0PG UNITED KINGDOM,44 01707262908,193363,Appointed representative,
South Herts Financial Services Limited,https://register.fca.org.uk/ShPo_FirmDetailsPage?id=001b000000g8KTQAA2,7a Forum Place Fiddlebridge Lane   Hatfield AL10 0RN UNITED KINGDOM,44 1707268382,654689,Authorised,john.wells@shfs.co.uk
One Life Wealth Planning Ltd,https://register.fca.org.uk/ShPo_FirmDetailsPage?id=001b000000NMRGoAAP,Mosquito Way    Hatfield AL10 9AX UNITED KINGDOM,+44 01707262541,517067,Authorised,nickevans@onelifewealth.co.uk
Hertfordshire Chamber of Commerce & Industry,https://register.fca.org.uk/ShPo_FirmDetailsPage?id=001b000000MfIPZAA3,MacLaurin Building 4 Bishops Square   Hatfield AL10 9NE UNITED KINGDOM,44 01707398400,194864,Appointed representative - introducer,enquires@hertschamber.com
Michael Sheehy,https://register.fca.org.uk/ShPo_FirmDetailsPage?id=001b000000MfIq3AAF,43 Selwyn Crescent    Hatfield AL10 9NW UNITED KINGDOM,44 01707275775,200193,Appointed representative,sheehywhite@ntlworld.com
Edwards Associates Advice LLP,https://register.fca.org.uk/ShPo_FirmDetailsPage?id=001b000000NMhbTAAT,     , ,609064,Authorised,
Bluestone Wealth Advice Limited,https://register.fca.org.uk/ShPo_FirmDetailsPage?id=001b000000k1ufsAAA,2 Fordwich Close    Hertford SG14 2BJ UNITED KINGDOM,44 7732446570,670053,Authorised,mark.tompkins@bluestonewealthadvice.co.uk
Mortgage Advice Network,https://register.fca.org.uk/ShPo_FirmDetailsPage?id=001b000000MfSfnAAF,121 London Road    Knebworth SG3 6EX UNITED KINGDOM,44 01438814073,409326,Appointed representative,info@manoffice.co.uk
Byron Hurst,https://register.fca.org.uk/ShPo_FirmDetailsPage?id=001b000000MfY9LAAV,Park Wood 79 Park Lane Old Knebworth  Knebworth SG3 6PP UNITED KINGDOM,+44 01438817664,415096,Appointed representative,
Johan Fraser Associates Ltd,https://register.fca.org.uk/ShPo_FirmDetailsPage?id=001b000000NMj5DAAT,9 Hilltop View  Wheathampstead  St Albans al4 8aj UNITED KINGDOM, ,602268,Appointed representative - introducer,
Gerald Pepper Financial Management Limited,https://register.fca.org.uk/ShPo_FirmDetailsPage?id=001b000000MfItbAAF,2nd Floor Hanscombe House 52A St Andrew Street   Hertford SG14 1JA UNITED KINGDOM,44 01992500261,195615,Authorised,simon.frost@gpfm.co.uk
Barbican Independent Financial Advisors Limited,https://register.fca.org.uk/ShPo_FirmDetailsPage?id=001b000000MfH72AAF,50 St Andrew St    Hertford SG14 1JA UNITED KINGDOM,44 01992586000,154950,Authorised,frank.levins@levinsandscott.co.uk
Imperial Treasury Services Limited,https://register.fca.org.uk/ShPo_FirmDetailsPage?id=0010X00004PRyITQA1,Office 7 25 St. Andrew Street   Hertford SG14 1HZ UNITED KINGDOM,+44 01992945550,836275,Appointed representative,team@imperialtreasury.co.uk
Hertfordshire County Council,https://register.fca.org.uk/ShPo_FirmDetailsPage?id=001b000000NMcnwAAD,Pegs Lane    Hertford SG13 8DE UNITED KINGDOM, 01992556620,576000,Appointed representative - introducer,richard.bate@hertscc.gov.uk
Domain Finance Limited,https://register.fca.org.uk/ShPo_FirmDetailsPage?id=001b000000MfMWKAA3,17 Sleapcross Gardens Smallford   St. Albans AL4 0RX UNITED KINGDOM,44 08458380140,214936,Appointed representative,
IF Wealth Limited,https://register.fca.org.uk/ShPo_FirmDetailsPage?id=001b0000015mvqaAAA,Riverside House 6 Millbridge    Hertford SG14 1PY UNITED KINGDOM,44 1992536373,713202,Authorised,grant@ifwealth.co.uk
Eversley Estate Planners Ltd,https://register.fca.org.uk/ShPo_FirmDetailsPage?id=001b000000MfpMDAAZ,19-21 Bull Plain   Hertford SG14 1DX UNITED KINGDOM,44 01992500800,460399,Authorised,info@eversley.co.uk
Later Life Matters Limited,https://register.fca.org.uk/ShPo_FirmDetailsPage?id=001b000000NMctVAAT,19-21 Bull Plain    Hertford SG14 1DX UNITED KINGDOM,+44 01992500800,580066,Appointed representative,enquiries@laterlife-matters.com
Polaris Financial Planning Ltd,https://register.fca.org.uk/ShPo_FirmDetailsPage?id=0010X00004KRpGkQAL,Bayley Hall Queen's Road    SG14 1EN UNITED KINGDOM,+44 07891702673,829468,Appointed representative,
Paul Butler Wealth Management Limited,https://register.fca.org.uk/ShPo_FirmDetailsPage?id=001b000000NMlxMAAT,Bayley Hall Queens Road   Hertford SG14 1EN UNITED KINGDOM,+44 01920452452,596771,Appointed representative,paul.butler@sjpp.co.uk
The Go To Broker Limited,https://register.fca.org.uk/ShPo_FirmDetailsPage?id=0010X00004AWRLcQAP,106 Kimbolton Crescent   Stevenage SG2 8RL UNITED KINGDOM,+44 07985787792,811512,Appointed representative,
Robert Tilbury,https://register.fca.org.uk/ShPo_FirmDetailsPage?id=001b000003RCnbFAAT,Apartment 3 Bragbury House Sacombe Mews  Stevenage SG2 8SB UNITED KINGDOM,+44 07850229220,751542,Appointed representative - introducer,
Surety Financial Planning Ltd,https://register.fca.org.uk/ShPo_FirmDetailsPage?id=001b000000NMiFRAA1,108 Fore Street    Hertford SG14 1AB UNITED KINGDOM,+44 01992800298,602483,Appointed representative,
Fibonacci Finance Limited,https://register.fca.org.uk/ShPo_FirmDetailsPage?id=0010X00004IN3aGQAT,The Townhouse 114-116 Fore Street   Hertford SG14 1AJ UNITED KINGDOM,44 7730570631,825734,Authorised,sandraantoniou@me.com
Omni Financial Limited,https://register.fca.org.uk/ShPo_FirmDetailsPage?id=001b000003IN6clAAD,Unit D2 The Courtyard Alban Park Hatfield Road    St. Albans AL4 0LA UNITED KINGDOM,44 1727223251,737468,Authorised,guy.swinnerton@omni-financial.co.uk
Stafford & Co Ltd,https://register.fca.org.uk/ShPo_FirmDetailsPage?id=001b000000MfiYdAAJ,The Red House Bluecoats   Hertford SG14 1AX UNITED KINGDOM,+44 01992501601,482309,Authorised,enquiries@staffordwealth.co.uk
M W Wealth Management Ltd,https://register.fca.org.uk/ShPo_FirmDetailsPage?id=001b000000MfbdUAAR,Stag House Old London Road   Hertford SG13 7LA UNITED KINGDOM,44 01992581670,442069,Appointed representative,
New Era Alternative Investments Limited,https://register.fca.org.uk/ShPo_FirmDetailsPage?id=001b000000g7sRtAAI,New Era Alternative Investments Limited Stag House Old London Road  Hertford SG13 7LA UNITED KINGDOM,+44 7899656240,654445,Appointed representative - introducer,john.jackson@newerainvestments.com
Cross Asset Macro Limited,https://register.fca.org.uk/ShPo_FirmDetailsPage?id=001b00000412RwSAAU,Stag House Old London Road   Hertford SG13 7LA UNITED KINGDOM,+44 02032868926,791324,Appointed representative,
Terence Lawrence Mortgage Services,https://register.fca.org.uk/ShPo_FirmDetailsPage?id=001b000000MfMaxAAF,1Providence Place    Hertford SG13 7BN UNITED KINGDOM,44 01992503322,218670,Appointed representative,tims77@yahoo.com
Pure Wealth Limited,https://register.fca.org.uk/ShPo_FirmDetailsPage?id=001b0000019vjTcAAI,Beech House 3 Beechwood Close    Hertford SG13 7HW UNITED KINGDOM,44 1992554806,713979,Authorised,tony@purewealthltd.com
Stem Financial Services,https://register.fca.org.uk/ShPo_FirmDetailsPage?id=001b000000MfgkpAAB,51 Elm Drive    St. Albans AL4 0EH UNITED KINGDOM,44 01442244686,457713,Authorised,steve@stemfs.co.uk
Columbus Twenty Three Ltd,https://register.fca.org.uk/ShPo_FirmDetailsPage?id=001b000000NMQsbAAH,45 Moffats Lane Brookmans Park   Hatfield AL9 7RX UNITED KINGDOM,+44 02037457355,511506,Appointed representative,
Vertus Asset Management Limited Liability Partnership,https://register.fca.org.uk/ShPo_FirmDetailsPage?id=001b000003uEY08AAG,61 Meadway    Harpenden AL5 1JH UNITED KINGDOM,+44 02071042140,784264,Appointed representative,
